{
    "Egg": {
        "name": "Egg",
        "description": "You are a colorful Egg \u2013 a mysterious being trying to eggify the world by night!",
        "goal": "Form an army of Eggs or survive until the end of the game",
        "death_message": "You cracked! The Egg is destroyed.",
        "victory_message": "The Eggs have taken over the world! You win.",
        "defeat_message": "Smells like an omelette. The Eggs have lost."
    },
    "Egg Hunter": {
        "name": "Egg Hunter",
        "description": "You are the Egg Hunter. Each night, you may inspect a player. If they are an Egg, you crack them \u2014 and maybe make an omelette.",
        "goal": "Find and destroy all Eggs before they hatch.",
        "special_condition": "If you crack 7 Eggs in a single game, the \u201cToday\u2019s Special\u201d achievement is unlocked.",
        "success_message": "You found an Egg and cracked it!",
        "failure_message": "Unfortunately, this player wasn\u2019t an Egg.",
        "victory_message": "All Eggs have been cracked. You win!",
        "defeat_message": "The Eggs defeated you\u2026 but there\u2019s always another round."
    }
}